created_at,dominant_color,image_square_url,image_medium_url,is_repin,repin_count,like_count,link,domain
2014-02-15 22:17:17,#819892,http://media-cache-cd0.pinimg.com/45x45/ac/9a/4e/ac9a4e943399cd5622b589ff07503204.jpg,http://media-cache-cd0.pinimg.com/200x/ac/9a/4e/ac9a4e943399cd5622b589ff07503204.jpg,True,2,0,http://sphotos-g.ak.fbcdn.net/hphotos-ak-ash4/484088_10151440854454934_653851204_n.jpg,sphotos-g.ak.fbcdn.net
2014-01-25 00:33:53,#926f71,http://media-cache-ec0.pinimg.com/45x45/05/03/b4/0503b44e873d947af2760b3adf6b02f7.jpg,http://media-cache-ec0.pinimg.com/200x/05/03/b4/0503b44e873d947af2760b3adf6b02f7.jpg,False,0,0,http://feedly.com/e/ldvqMUkt,feedly.com
2014-01-25 00:33:06,#d2d2ce,http://media-cache-cd0.pinimg.com/45x45/f8/ef/a3/f8efa3ae0027d9aa5179744279baf635.jpg,http://media-cache-cd0.pinimg.com/200x/f8/ef/a3/f8efa3ae0027d9aa5179744279baf635.jpg,False,0,0,http://feedly.com/e/PMrrQcmj,feedly.com
2014-01-25 00:31:53,#efe9ea,http://media-cache-ec0.pinimg.com/45x45/7b/5d/f5/7b5df503cde3f78e37e1b474c9eeb349.jpg,http://media-cache-ec0.pinimg.com/200x/7b/5d/f5/7b5df503cde3f78e37e1b474c9eeb349.jpg,False,0,0,http://feedly.com/e/sW-Pz-Vt,feedly.com
2014-01-18 04:00:01,#dfe2e5,http://media-cache-ec0.pinimg.com/45x45/09/d1/c0/09d1c064862aae90cde2d95b180d9f0b.jpg,http://media-cache-ec0.pinimg.com/200x/09/d1/c0/09d1c064862aae90cde2d95b180d9f0b.jpg,False,1,0,http://feedly.com/e/-dwOxNyd,feedly.com
2014-01-17 22:09:11,#e2c2a4,http://media-cache-ak0.pinimg.com/45x45/b2/9b/83/b29b83c24dd5c061eec4f2a04f10497a.jpg,http://media-cache-ak0.pinimg.com/200x/b2/9b/83/b29b83c24dd5c061eec4f2a04f10497a.jpg,False,0,0,http://www.behance.net/gallery/Kigo-Kitchen/13532809,behance.net
2014-01-08 01:11:19,#efe7de,http://media-cache-ec0.pinimg.com/45x45/ed/1b/46/ed1b46554d3d609670673782546eb526.jpg,http://media-cache-ec0.pinimg.com/200x/ed/1b/46/ed1b46554d3d609670673782546eb526.jpg,True,2,1,http://www.flickr.com/photos/ryangerald/3824749421/,flickr.com
2014-01-05 20:41:16,#c0c0bf,http://media-cache-ec0.pinimg.com/45x45/4b/23/2d/4b232dd582c236a274019123cd396514.jpg,http://media-cache-ec0.pinimg.com/200x/4b/23/2d/4b232dd582c236a274019123cd396514.jpg,False,0,0,http://lovelystationery.com/2014/01/sifang-art-museum/,lovelystationery.com
2013-07-09 18:34:07,#a07276,http://media-cache-cd0.pinimg.com/45x45/fd/e7/ba/fde7ba5c0b769aad79271b8c5cb9f306.jpg,http://media-cache-cd0.pinimg.com/200x/fd/e7/ba/fde7ba5c0b769aad79271b8c5cb9f306.jpg,False,10,2,http://www.theverge.com/2013/7/9/4507518/the-verge-reads-vote-for-augusts-book-club-book-now,theverge.com
2013-12-17 05:40:57,#d8d7d3,http://media-cache-ec0.pinimg.com/45x45/75/ab/ac/75abacf4be288330d6b779db66a77144.jpg,http://media-cache-ec0.pinimg.com/200x/75/ab/ac/75abacf4be288330d6b779db66a77144.jpg,False,0,0,http://feedly.com/e/z05Pc_pt,feedly.com
2013-12-17 04:35:03,#e6e6e6,http://media-cache-ec0.pinimg.com/45x45/83/43/42/834342fd2df027dc8fe92d18a2b972f1.jpg,http://media-cache-ec0.pinimg.com/200x/83/43/42/834342fd2df027dc8fe92d18a2b972f1.jpg,False,7,3,http://feedly.com/e/MpluiVc0,feedly.com
2013-12-17 04:33:27,#f6dbd2,http://media-cache-ak0.pinimg.com/45x45/0b/29/9e/0b299e9282c46954a7c31fbdf358e6f6.jpg,http://media-cache-ak0.pinimg.com/200x/0b/29/9e/0b299e9282c46954a7c31fbdf358e6f6.jpg,False,0,0,http://feedly.com/e/MbdGwxh5,feedly.com
2013-12-14 17:56:38,#dbdbd8,http://media-cache-ak0.pinimg.com/45x45/5d/6a/6f/5d6a6f467ecb0a867f75c5bd63ad66f7.jpg,http://media-cache-ak0.pinimg.com/200x/5d/6a/6f/5d6a6f467ecb0a867f75c5bd63ad66f7.jpg,False,0,0,http://feedly.com/e/JgxtbFYF,feedly.com
2013-11-22 17:32:14,#c5c5c4,http://media-cache-ak0.pinimg.com/45x45/24/a2/00/24a20021277b96035e2151454b58620e.jpg,http://media-cache-ak0.pinimg.com/200x/24/a2/00/24a20021277b96035e2151454b58620e.jpg,False,1,1,http://feedly.com/e/kxJCwzuo,feedly.com
2013-11-22 16:16:19,#273c95,http://media-cache-ec0.pinimg.com/45x45/02/78/c5/0278c5793ca710eee5a5ff21ad9cfabe.jpg,http://media-cache-ec0.pinimg.com/200x/02/78/c5/0278c5793ca710eee5a5ff21ad9cfabe.jpg,False,0,0,http://feedly.com/e/LxcoXqq3,feedly.com
2013-11-22 16:12:30,#ebdad7,http://media-cache-ec0.pinimg.com/45x45/cb/d9/1b/cbd91bb1787096c281bad8294d8afa4e.jpg,http://media-cache-ec0.pinimg.com/200x/cb/d9/1b/cbd91bb1787096c281bad8294d8afa4e.jpg,False,0,0,http://feedly.com/e/sSwGRSBb,feedly.com
2013-11-22 15:49:51,#a2a49b,http://media-cache-ak0.pinimg.com/45x45/77/91/77/779177894d76b7106fdfd5f24a28cd19.jpg,http://media-cache-ak0.pinimg.com/200x/77/91/77/779177894d76b7106fdfd5f24a28cd19.jpg,False,0,1,http://www.slanted.de/eintrag/vs-lettering-vs-calligraphy,slanted.de
2013-11-22 15:38:37,#dbe0e3,http://media-cache-ec0.pinimg.com/45x45/50/96/e3/5096e34ec237c7f25ee79efbbc4b2817.jpg,http://media-cache-ec0.pinimg.com/200x/50/96/e3/5096e34ec237c7f25ee79efbbc4b2817.jpg,False,2,0,http://feedly.com/e/RRjvesX2,feedly.com
2013-10-23 01:31:00,#9d6f4c,http://media-cache-ec0.pinimg.com/45x45/10/42/61/1042619ccde5ba124978ed5c6e519e3e.jpg,http://media-cache-ec0.pinimg.com/200x/10/42/61/1042619ccde5ba124978ed5c6e519e3e.jpg,True,0,0,http://poster-auctioneer.com/auction_history/view_auction_history/Wolff-Steffen-Zuerich-294396,poster-auctioneer.com
2013-10-23 01:29:26,#595f5f,http://media-cache-ak0.pinimg.com/45x45/df/86/29/df86291d7b985aa6be52af401532b23a.jpg,http://media-cache-ak0.pinimg.com/200x/df/86/29/df86291d7b985aa6be52af401532b23a.jpg,True,2,0,http://designyoutrust.com/2011/04/10/ray-morimura-landscape/?utm_source=feedburner&utm_medium=feed&utm_campaign=Feed%3A+dyt+%28Design+You+Trust%29&utm_content=Google+Reader,designyoutrust.com
2013-10-22 23:05:07,#f5ebef,http://media-cache-ak0.pinimg.com/45x45/7e/38/c3/7e38c3de4ec200996b0b1b9d7e50fe3d.jpg,http://media-cache-ak0.pinimg.com/200x/7e/38/c3/7e38c3de4ec200996b0b1b9d7e50fe3d.jpg,True,1,0,,
2013-10-21 22:46:40,#e8e8eb,http://media-cache-ec0.pinimg.com/45x45/1a/80/c6/1a80c6ae6f0ef49b4304cc621164cea5.jpg,http://media-cache-ec0.pinimg.com/200x/1a/80/c6/1a80c6ae6f0ef49b4304cc621164cea5.jpg,True,2,0,http://frills.bigcartel.com/product/wall-calendar,frills.bigcartel.com
2013-10-21 22:45:04,#dddad6,http://media-cache-ec0.pinimg.com/45x45/84/72/85/84728563de667c8bcc737133e5d5cdb0.jpg,http://media-cache-ec0.pinimg.com/200x/84/72/85/84728563de667c8bcc737133e5d5cdb0.jpg,True,0,1,http://www.die-neue-sammlung.de/press/?page_id=5750&lang=en,die-neue-sammlung.de
2013-10-21 22:44:11,#7f5c2f,http://media-cache-cd0.pinimg.com/45x45/57/64/95/576495dbf2803d799758611f867e330e.jpg,http://media-cache-cd0.pinimg.com/200x/57/64/95/576495dbf2803d799758611f867e330e.jpg,True,1,0,http://ffffound.com/image/3d69530cf1fd9085ba688cb846c13559545b4736,ffffound.com
2013-10-08 19:49:03,#cbcbcc,http://media-cache-ec0.pinimg.com/45x45/62/f8/51/62f851cbb3f8e6757160e3e4b4da623a.jpg,http://media-cache-ec0.pinimg.com/200x/62/f8/51/62f851cbb3f8e6757160e3e4b4da623a.jpg,False,2,0,http://photographyartanddesignblog.tumblr.com/post/63295758942,photographyartanddesignblog.tumblr.com
2013-10-08 19:48:45,#c2c3c5,http://media-cache-ak0.pinimg.com/45x45/b0/c4/9c/b0c49ca329702c91557d237c66796d3c.jpg,http://media-cache-ak0.pinimg.com/200x/b0/c4/9c/b0c49ca329702c91557d237c66796d3c.jpg,False,1,0,http://photographyartanddesignblog.tumblr.com/post/63295758942,photographyartanddesignblog.tumblr.com
2013-10-08 19:48:13,#d1d2d4,http://media-cache-ak0.pinimg.com/45x45/45/9e/5d/459e5d6de2a92017b9406b15df893d98.jpg,http://media-cache-ak0.pinimg.com/200x/45/9e/5d/459e5d6de2a92017b9406b15df893d98.jpg,False,20,5,http://photographyartanddesignblog.tumblr.com/post/63295758942,photographyartanddesignblog.tumblr.com
2013-10-08 19:47:42,#bb1f24,http://media-cache-ak0.pinimg.com/45x45/db/05/9f/db059f88e5b4771e694264ad3b0a910e.jpg,http://media-cache-ak0.pinimg.com/200x/db/05/9f/db059f88e5b4771e694264ad3b0a910e.jpg,False,0,0,http://photographyartanddesignblog.tumblr.com/post/63385910894,photographyartanddesignblog.tumblr.com
2013-10-08 19:47:21,#193438,http://media-cache-ak0.pinimg.com/45x45/de/7f/94/de7f9469b2ee51bc5e3b388a90f18f41.jpg,http://media-cache-ak0.pinimg.com/200x/de/7f/94/de7f9469b2ee51bc5e3b388a90f18f41.jpg,False,1,0,http://photographyartanddesignblog.tumblr.com/post/63297342198,photographyartanddesignblog.tumblr.com
2013-10-08 19:47:00,#272722,http://media-cache-ak0.pinimg.com/45x45/b3/3f/e1/b33fe18551f725700c05762898a72502.jpg,http://media-cache-ak0.pinimg.com/200x/b3/3f/e1/b33fe18551f725700c05762898a72502.jpg,False,0,0,http://photographyartanddesignblog.tumblr.com/post/63385910894,photographyartanddesignblog.tumblr.com
2013-09-07 18:53:56,#f2f2f2,http://media-cache-ak0.pinimg.com/45x45/3e/65/33/3e65333c2024629a01ad0609f3b2e33d.jpg,http://media-cache-ak0.pinimg.com/200x/3e/65/33/3e65333c2024629a01ad0609f3b2e33d.jpg,False,6,0,http://so-cal-arch-history.com/,so-cal-arch-history.com
2013-09-07 17:21:56,#c6c7c6,http://media-cache-ak0.pinimg.com/45x45/84/3c/c8/843cc8e3017abdf8222d54cc80b23f61.jpg,http://media-cache-ak0.pinimg.com/200x/84/3c/c8/843cc8e3017abdf8222d54cc80b23f61.jpg,True,1,0,http://www.behance.net/gallery/Conservation-Report-2012/5808337,behance.net
2013-09-07 17:21:07,#292828,http://media-cache-ec0.pinimg.com/45x45/38/34/37/383437e4d4b661fcb99fa83ce321d38d.jpg,http://media-cache-ec0.pinimg.com/200x/38/34/37/383437e4d4b661fcb99fa83ce321d38d.jpg,True,1,1,http://www.youthedesigner.com/2012/11/20/you-be-inspired-typographic-posters-by-aron-jancso/,youthedesigner.com
2013-08-15 04:31:25,#d9ab50,http://media-cache-ak0.pinimg.com/45x45/7b/9b/98/7b9b98c66b95640e50de802b7951f36a.jpg,http://media-cache-ak0.pinimg.com/200x/7b/9b/98/7b9b98c66b95640e50de802b7951f36a.jpg,False,2,2,http://typographie.tumblr.com/post/56921659903,typographie.tumblr.com
2013-08-14 20:50:00,#393835,http://media-cache-ec0.pinimg.com/45x45/55/5a/24/555a24854ca64326e1218eb775883579.jpg,http://media-cache-ec0.pinimg.com/200x/55/5a/24/555a24854ca64326e1218eb775883579.jpg,True,2,0,,
2013-08-14 19:50:42,#231f20,http://media-cache-ec0.pinimg.com/45x45/c2/89/7c/c2897c173204d50c8aad6f649bbdec9f.jpg,http://media-cache-ec0.pinimg.com/200x/c2/89/7c/c2897c173204d50c8aad6f649bbdec9f.jpg,True,0,0,http://www.amyngo.com/wp-content/uploads/2012/03/Screen-shot-2012-04-09-at-12.28.18-AM.png,amyngo.com
2013-08-13 20:37:33,#d9c4ae,http://media-cache-ak0.pinimg.com/45x45/2d/aa/11/2daa110a8ddfc2bb2680885e41bb800d.jpg,http://media-cache-ak0.pinimg.com/200x/2d/aa/11/2daa110a8ddfc2bb2680885e41bb800d.jpg,False,0,0,http://lovelypackage.com/the-great-british-butcher/,lovelypackage.com
2013-08-03 01:49:26,#dbdbda,http://media-cache-ak0.pinimg.com/45x45/ac/34/4c/ac344c531fe6ed6c29e3bf6048f73a99.jpg,http://media-cache-ak0.pinimg.com/200x/ac/34/4c/ac344c531fe6ed6c29e3bf6048f73a99.jpg,False,1,0,http://www.etsy.com/listing/122138801/illustration-paris-travel-collection?ref=shop_home_active,etsy.com
2013-07-16 18:15:32,#f0f1f4,http://media-cache-ak0.pinimg.com/45x45/06/2c/22/062c229b539e8ea944c9f4149da57656.jpg,http://media-cache-ak0.pinimg.com/200x/06/2c/22/062c229b539e8ea944c9f4149da57656.jpg,True,1,0,http://www.designworklife.com/2013/07/15/cempaka-surakusumah-wedding-invitation/,designworklife.com
2013-07-16 04:21:06,#ad9e8f,http://media-cache-ak0.pinimg.com/45x45/9b/e6/20/9be6200cc41252defb098faee1240568.jpg,http://media-cache-ak0.pinimg.com/200x/9b/e6/20/9be6200cc41252defb098faee1240568.jpg,True,2,0,http://www.washingtonlife.com/2012/03/21/fashion-shoots-alice-in-wonderland/,washingtonlife.com
2013-07-14 18:02:52,#e2d5be,http://media-cache-ak0.pinimg.com/45x45/0b/d9/a2/0bd9a2647b28c1d54bf9e18f6a782439.jpg,http://media-cache-ak0.pinimg.com/200x/0b/d9/a2/0bd9a2647b28c1d54bf9e18f6a782439.jpg,False,5,1,http://lovelypackage.com/student-work-columbus-college/,lovelypackage.com
2013-06-12 04:25:52,#eddae2,http://media-cache-ak0.pinimg.com/45x45/3d/c0/48/3dc048fa00d59a2b2cdda64263b6341a.jpg,http://media-cache-ak0.pinimg.com/200x/3d/c0/48/3dc048fa00d59a2b2cdda64263b6341a.jpg,True,3,0,http://www.brettking.co.nz/New-Zealand-Design-Yeah,brettking.co.nz
2013-06-07 20:01:02,#deddd6,http://media-cache-cd0.pinimg.com/45x45/17/d3/a6/17d3a6bb72eb1b49643252f085059bbf.jpg,http://media-cache-cd0.pinimg.com/200x/17/d3/a6/17d3a6bb72eb1b49643252f085059bbf.jpg,True,2,1,http://www.luvocracy.com/designquixotic/recommendations/bonjour-iphone-5-case--2,luvocracy.com
2012-12-27 05:28:26,#8a8884,http://media-cache-ak0.pinimg.com/45x45/97/76/18/9776181eb25d011dbef5419b5b8cb656.jpg,http://media-cache-ak0.pinimg.com/200x/97/76/18/9776181eb25d011dbef5419b5b8cb656.jpg,True,2,0,http://trendenser.se/,trendenser.se
2012-10-17 13:45:03,#ffffff,http://media-cache-ec0.pinimg.com/45x45/32/ce/c9/32cec9de3816a9f10d1bb923336da121.jpg,http://media-cache-ec0.pinimg.com/200x/32/ce/c9/32cec9de3816a9f10d1bb923336da121.jpg,False,1,0,http://hellomattstevens.com/blog/new-work-new-york-magazine-vulturedotcom,hellomattstevens.com
2012-10-17 13:44:14,,http://media-cache-ak0.pinimg.com/45x45/3e/54/5e/3e545e4fc717549f661029e431b61125.jpg,http://media-cache-ak0.pinimg.com/200x/3e/54/5e/3e545e4fc717549f661029e431b61125.jpg,False,0,0,http://hellomattstevens.com/blog/new-work-new-york-magazine-vulturedotcom,hellomattstevens.com
2012-10-17 02:23:50,#2a4240,http://media-cache-ak0.pinimg.com/45x45/c7/2d/3b/c72d3b9415762ed311adb9941a18cfa6.jpg,http://media-cache-ak0.pinimg.com/200x/c7/2d/3b/c72d3b9415762ed311adb9941a18cfa6.jpg,False,4,3,http://helpink.org/product/explore,helpink.org
2012-10-05 14:31:58,#bbb586,http://media-cache-ec0.pinimg.com/45x45/a1/39/64/a139645a89ed0d53828f7249eb258bb0.jpg,http://media-cache-ec0.pinimg.com/200x/a1/39/64/a139645a89ed0d53828f7249eb258bb0.jpg,True,20,2,http://piccsy.com/2012/04/deer-3rhbg9oy1/,piccsy.com
2012-10-05 14:31:31,,http://media-cache-ak0.pinimg.com/45x45/8a/05/86/8a05869ae777bfaee802da9bb6c1e0b6.jpg,http://media-cache-ak0.pinimg.com/200x/8a/05/86/8a05869ae777bfaee802da9bb6c1e0b6.jpg,True,6,1,http://www.sarahlouisematthews.co.uk/page5.htm,sarahlouisematthews.co.uk
2012-09-17 21:24:55,#cbe5f3,http://media-cache-ak0.pinimg.com/45x45/8a/2a/fb/8a2afbe3a2893541e0f77181e97895a3.jpg,http://media-cache-ak0.pinimg.com/200x/8a/2a/fb/8a2afbe3a2893541e0f77181e97895a3.jpg,True,3,0,http://byjessiekay.com/blog/,byjessiekay.com
2012-08-03 05:44:35,#e7dec7,http://media-cache-ec0.pinimg.com/45x45/6f/2c/50/6f2c50095ef819b5f6b63134f3cd65b1.jpg,http://media-cache-ec0.pinimg.com/200x/6f/2c/50/6f2c50095ef819b5f6b63134f3cd65b1.jpg,False,12,1,http://www.gilt.com/home/sale/juniper-books/158558667-juniper-books-llc-sherlock-holmes-custom-book-set,gilt.com
2012-07-18 06:44:17,#fde8d1,http://media-cache-ak0.pinimg.com/45x45/ad/d5/05/add505af5973a88e3d0f022636dec8c1.jpg,http://media-cache-ak0.pinimg.com/200x/ad/d5/05/add505af5973a88e3d0f022636dec8c1.jpg,False,7,1,http://fab.com/sale/8226/product/38195/,fab.com
2012-06-24 23:46:35,#cc9362,http://media-cache-ak0.pinimg.com/45x45/d8/56/d8/d856d8b0d47b5921fa9366caa443de0c.jpg,http://media-cache-ak0.pinimg.com/200x/d8/56/d8/d856d8b0d47b5921fa9366caa443de0c.jpg,False,4,1,http://infocreative.ru/works/splashpack.html,infocreative.ru
2012-06-24 23:46:24,,http://media-cache-ak0.pinimg.com/45x45/d8/56/d8/d856d8b0d47b5921fa9366caa443de0c.jpg,http://media-cache-ak0.pinimg.com/200x/d8/56/d8/d856d8b0d47b5921fa9366caa443de0c.jpg,False,0,0,http://infocreative.ru/works/splashpack.html,infocreative.ru
2012-06-24 19:44:49,,http://media-cache-ak0.pinimg.com/45x45/da/63/de/da63de4c302a57e9ba7257e465c00a48.jpg,http://media-cache-ak0.pinimg.com/200x/da/63/de/da63de4c302a57e9ba7257e465c00a48.jpg,False,1,2,http://blog.drawn.ca/post/25445281172/i-know-i-know-never-judge-a-book-by-its-cover,blog.drawn.ca
2012-06-10 18:35:34,,http://media-cache-ak0.pinimg.com/45x45/49/74/c9/4974c9ee498b9317cc04193f0334a903.jpg,http://media-cache-ak0.pinimg.com/200x/49/74/c9/4974c9ee498b9317cc04193f0334a903.jpg,False,0,0,http://www.flickr.com/photos/apelad/4111117620/in/set-72157622662466829,flickr.com
2012-04-29 01:53:02,,http://media-cache-ec0.pinimg.com/45x45/54/7f/26/547f2624a1474cab13ef75d2cdc813f8.jpg,http://media-cache-ec0.pinimg.com/200x/54/7f/26/547f2624a1474cab13ef75d2cdc813f8.jpg,False,0,1,http://pokemonbattleroyale.tumblr.com/,pokemonbattleroyale.tumblr.com
2012-04-12 04:41:07,,http://media-cache-ak0.pinimg.com/45x45/dd/27/a6/dd27a66fe8de5427953df4c8c6e0ea46.jpg,http://media-cache-ak0.pinimg.com/200x/dd/27/a6/dd27a66fe8de5427953df4c8c6e0ea46.jpg,False,2,0,http://www.uistencils.com/collections/frontpage/products/browser-sketch-pad,uistencils.com
2012-04-07 22:30:30,#677a5c,http://media-cache-ec0.pinimg.com/45x45/f8/06/b1/f806b128b3aaf40c636e88d37c379cb0.jpg,http://media-cache-ec0.pinimg.com/200x/f8/06/b1/f806b128b3aaf40c636e88d37c379cb0.jpg,False,4,0,http://heyoscarwilde.tumblr.com/post/20343684127/videogame-childrens-books-illustrations-by-h,heyoscarwilde.tumblr.com
2012-03-28 18:10:52,#e2d5d4,http://media-cache-ak0.pinimg.com/45x45/52/0b/f1/520bf18e7bf3ff4a5c274748551d924e.jpg,http://media-cache-ak0.pinimg.com/200x/52/0b/f1/520bf18e7bf3ff4a5c274748551d924e.jpg,True,3,0,http://www.fleetstreetscandal.com/store.php?itemid=177,fleetstreetscandal.com
2012-03-28 02:07:53,,http://media-cache-ec0.pinimg.com/45x45/50/64/b3/5064b3aa8a6f4ffbb340d7f6a53445d9.jpg,http://media-cache-ec0.pinimg.com/200x/50/64/b3/5064b3aa8a6f4ffbb340d7f6a53445d9.jpg,False,0,0,http://www.ibelieveinadv.com/2012/03/criterion-knives-kiwi-watermelon-salmon/,ibelieveinadv.com
2012-03-28 02:06:44,,http://media-cache-ak0.pinimg.com/45x45/d8/90/7e/d8907e1f93d1712ed79052da63e416bb.jpg,http://media-cache-ak0.pinimg.com/200x/d8/90/7e/d8907e1f93d1712ed79052da63e416bb.jpg,False,0,0,http://dribbble.com/shots/487143-New-World-Order/attachments/32376,dribbble.com
2012-03-28 02:02:11,#030202,http://media-cache-ec0.pinimg.com/45x45/c6/9c/46/c69c46786c5a724360f78fe6f4fa8865.jpg,http://media-cache-ec0.pinimg.com/200x/c6/9c/46/c69c46786c5a724360f78fe6f4fa8865.jpg,False,3,0,http://www.core77.com/blog/exhibitions/sfmoma_gets_weirded_out_by_graphic_artist_parra_22053.asp?utm_source=feedburner&utm_medium=feed&utm_campaign=Feed%3A+core77%2Fblog+%28Core77.com%27s+design+blog%29,core77.com
2012-03-28 02:00:22,,http://media-cache-ec0.pinimg.com/45x45/66/65/bd/6665bd6a480d305086139354598f0b4f.jpg,http://media-cache-ec0.pinimg.com/200x/66/65/bd/6665bd6a480d305086139354598f0b4f.jpg,False,2,0,http://lovelypackage.com/via-xx-settembre/,lovelypackage.com
2012-03-28 01:51:39,#fdfcf9,http://media-cache-ec0.pinimg.com/45x45/4d/7e/48/4d7e48201ee217e24f8931679c41648b.jpg,http://media-cache-ec0.pinimg.com/200x/4d/7e/48/4d7e48201ee217e24f8931679c41648b.jpg,True,2,1,http://www.flickr.com/photos/tangyauhoong/5490622133/,flickr.com
2012-03-14 17:09:05,#4999b7,http://media-cache-ec0.pinimg.com/45x45/89/d1/58/89d158826b8011333d5b6bfdeacf4d21.jpg,http://media-cache-ec0.pinimg.com/200x/89/d1/58/89d158826b8011333d5b6bfdeacf4d21.jpg,True,6,2,http://www.cakesandcomics.com/search?updated-max=2011-11-30T23:03:00Z&max-results=7&start=14&by-date=false,cakesandcomics.com
2012-03-04 02:19:14,,http://media-cache-ec0.pinimg.com/45x45/38/69/4b/38694b1956f80c8b6c44fb262a01f939.jpg,http://media-cache-ec0.pinimg.com/200x/38/69/4b/38694b1956f80c8b6c44fb262a01f939.jpg,False,1,0,http://fantagraphics.tumblr.com/post/18545919927/self-portrait-by-joost-swarte-2011,fantagraphics.tumblr.com
2012-03-01 02:45:03,,http://media-cache-ec0.pinimg.com/45x45/fe/f9/c9/fef9c91655ced4bed69e4dcfc314e10b.jpg,http://media-cache-ec0.pinimg.com/200x/fe/f9/c9/fef9c91655ced4bed69e4dcfc314e10b.jpg,True,10,0,http://designvagabond.blogspot.com/2011/09/puerto-despertar-cd.html,designvagabond.blogspot.com
2012-02-29 04:17:03,,http://media-cache-ec0.pinimg.com/45x45/b2/04/ad/b204ade093069b256587b5deb94ea8de.jpg,http://media-cache-ec0.pinimg.com/200x/b2/04/ad/b204ade093069b256587b5deb94ea8de.jpg,False,1,2,http://dribbble.com/shots/448482-Coffee-in-America,dribbble.com
2012-02-29 04:15:45,#484b5b,http://media-cache-ec0.pinimg.com/45x45/ac/c9/86/acc986e63bbe5c0c6ce820fa5a9947c5.jpg,http://media-cache-ec0.pinimg.com/200x/ac/c9/86/acc986e63bbe5c0c6ce820fa5a9947c5.jpg,False,6,2,http://instagr.am/p/HdEUBEHD0i/,instagr.am
2012-02-29 04:10:25,,http://media-cache-ec0.pinimg.com/45x45/00/04/74/0004741b9a5d5dcdcfa1f5fae257ec39.jpg,http://media-cache-ec0.pinimg.com/200x/00/04/74/0004741b9a5d5dcdcfa1f5fae257ec39.jpg,False,2,1,http://lovelypackage.com/the-bottle-of-wits/,lovelypackage.com
2012-02-29 04:09:26,#fefdfd,http://media-cache-ec0.pinimg.com/45x45/ea/a9/1f/eaa91fdb083771ed51025cdc1d82a122.jpg,http://media-cache-ec0.pinimg.com/200x/ea/a9/1f/eaa91fdb083771ed51025cdc1d82a122.jpg,False,3,2,http://lovelypackage.com/rivero-gonzalez/,lovelypackage.com
2012-01-22 19:11:06,,http://media-cache-ak0.pinimg.com/45x45/0d/b6/21/0db62127637fec84ef267b6f0a0c9678.jpg,http://media-cache-ak0.pinimg.com/200x/0d/b6/21/0db62127637fec84ef267b6f0a0c9678.jpg,False,2,1,http://deedeekid.com/blog/illustration/on-the-road/,deedeekid.com
2012-01-07 05:21:04,,http://media-cache-ak0.pinimg.com/45x45/25/cb/61/25cb619856645f16cab0aed32dbdc6da.jpg,http://media-cache-ak0.pinimg.com/200x/25/cb/61/25cb619856645f16cab0aed32dbdc6da.jpg,False,1,0,http://www.hellolucky.com/wordpress/2010/05/13/sneak-peek-julia-rothman/,hellolucky.com
2012-01-01 22:08:58,#e1c8bb,http://media-cache-ec0.pinimg.com/45x45/a9/f3/dd/a9f3ddab30d26a0421207e0c7b9d4f90.jpg,http://media-cache-ec0.pinimg.com/200x/a9/f3/dd/a9f3ddab30d26a0421207e0c7b9d4f90.jpg,True,1,0,http://www.jeffcanham.com/projects/prints/,jeffcanham.com
2011-12-05 22:01:04,,http://media-cache-ak0.pinimg.com/45x45/04/f2/1d/04f21d354a880f8af8144b64a6be8971.jpg,http://media-cache-ak0.pinimg.com/200x/04/f2/1d/04f21d354a880f8af8144b64a6be8971.jpg,True,4,1,http://designspiration.net/image/71967/,designspiration.net
2011-12-05 20:48:59,#f1ead3,http://media-cache-ak0.pinimg.com/45x45/3c/21/54/3c2154d15345465f31d12dc5daeb0902.jpg,http://media-cache-ak0.pinimg.com/200x/3c/21/54/3c2154d15345465f31d12dc5daeb0902.jpg,True,13,2,http://designspiration.net/image/71516/,designspiration.net
2011-11-11 15:30:10,,http://media-cache-ak0.pinimg.com/45x45/12/54/b2/1254b24951c6f77590e443c953e21f51.jpg,http://media-cache-ak0.pinimg.com/200x/12/54/b2/1254b24951c6f77590e443c953e21f51.jpg,False,0,0,http://www.theverge.com/2011/11/1/2528367/welcome-to-the-verge,theverge.com
2011-10-13 14:32:53,,http://media-cache-ak0.pinimg.com/45x45/46/d1/2a/46d12a4b5e40fb874c988ebeeeec0a6b.jpg,http://media-cache-ak0.pinimg.com/200x/46/d1/2a/46d12a4b5e40fb874c988ebeeeec0a6b.jpg,True,3,0,http://stripedlove.tumblr.com/,stripedlove.tumblr.com
2011-10-09 18:08:01,#c8a429,http://media-cache-ak0.pinimg.com/45x45/07/38/bc/0738bcfaca78209867fc6e43a8cb0b5a.jpg,http://media-cache-ak0.pinimg.com/200x/07/38/bc/0738bcfaca78209867fc6e43a8cb0b5a.jpg,True,7,0,http://www.coroflot.com/kellymelissathorn/posters/1,coroflot.com
2011-10-07 10:09:10,,http://media-cache-ak0.pinimg.com/45x45/0a/38/38/0a3838002a11a4cd7f742469f28cfd85.jpg,http://media-cache-ak0.pinimg.com/200x/0a/38/38/0a3838002a11a4cd7f742469f28cfd85.jpg,True,3,0,http://strongstuff.deviantart.com/#/d48jtwm,strongstuff.deviantart.com
2011-10-07 10:06:45,#8f777d,http://media-cache-ec0.pinimg.com/45x45/de/b4/f1/deb4f18207458264f7c7f7701e2f2145.jpg,http://media-cache-ec0.pinimg.com/200x/de/b4/f1/deb4f18207458264f7c7f7701e2f2145.jpg,False,19,4,http://www.dazeddigital.com/artsandculture/gallery/22/11227/2/rise-leif-podhajsky,dazeddigital.com
2011-08-20 13:18:25,#bbc3c1,http://media-cache-ak0.pinimg.com/45x45/ce/17/38/ce173864bf9438197e2c54e60e59a321.jpg,http://media-cache-ak0.pinimg.com/200x/ce/17/38/ce173864bf9438197e2c54e60e59a321.jpg,False,4,0,http://lovelypackage.com/student-work-veronica-clauss/,lovelypackage.com
2011-08-20 13:19:10,,http://media-cache-ec0.pinimg.com/45x45/eb/62/be/eb62be6e538ef4fce0d37b68fb5a6295.jpg,http://media-cache-ec0.pinimg.com/200x/eb/62/be/eb62be6e538ef4fce0d37b68fb5a6295.jpg,False,15,2,http://www.publiz.net/wp-content/uploads/2011/08/packaging-design-bouteille-vin-moustache.jpg,publiz.net
2011-08-13 16:27:37,,http://media-cache-ak0.pinimg.com/45x45/11/46/e0/1146e04ad4109985b0a494157a00edaf.jpg,http://media-cache-ak0.pinimg.com/200x/11/46/e0/1146e04ad4109985b0a494157a00edaf.jpg,False,1,0,http://shop.thesearethings.com/collections/frontpage/products/europa-touring-paris,shop.thesearethings.com
2011-08-13 16:25:15,,http://media-cache-ec0.pinimg.com/45x45/17/6f/13/176f13887a8108759ea8c6ae29912d82.jpg,http://media-cache-ec0.pinimg.com/200x/17/6f/13/176f13887a8108759ea8c6ae29912d82.jpg,False,1,1,http://shop.thesearethings.com/collections/frontpage/products/united-states-map-yellow,shop.thesearethings.com
2011-07-27 13:25:55,,http://media-cache-cd0.pinimg.com/45x45/b2/51/e5/b251e5decee15726f9c7feb7357a83aa.jpg,http://media-cache-cd0.pinimg.com/200x/b2/51/e5/b251e5decee15726f9c7feb7357a83aa.jpg,True,5,0,http://designspiration.net/image/46096/,designspiration.net
2011-07-15 21:22:53,#eaeaea,http://media-cache-ec0.pinimg.com/45x45/2b/40/63/2b40635385d4c53cffd342b9cdc92427.jpg,http://media-cache-ec0.pinimg.com/200x/2b/40/63/2b40635385d4c53cffd342b9cdc92427.jpg,False,8,1,http://dribbble.com/shots/214392-Fuel-A-Water-Cut,dribbble.com
2011-07-08 20:17:28,,http://media-cache-ak0.pinimg.com/45x45/cb/d4/76/cbd4765c6ccd81ca5d2a7aa7317f3e61.jpg,http://media-cache-ak0.pinimg.com/200x/cb/d4/76/cbd4765c6ccd81ca5d2a7aa7317f3e61.jpg,False,3,1,http://dribbble.com/shots/207675-Forever-Ploughing,dribbble.com
2011-07-08 20:07:29,#bd8660,http://media-cache-ec0.pinimg.com/45x45/ec/6b/c1/ec6bc115ead56973604572267442383a.jpg,http://media-cache-ec0.pinimg.com/200x/ec/6b/c1/ec6bc115ead56973604572267442383a.jpg,False,7,1,http://www.thedieline.com/blog/2011/7/8/student-spotlight-toy-packaging.html?utm_source=feedburner&utm_medium=feed&utm_campaign=Feed%3A+TheDieline+%28TheDieline.com+-+Blog+-+World%27s+%231+Package+Design+Website%29,thedieline.com
2011-06-21 18:33:14,#f3f0eb,http://media-cache-ec0.pinimg.com/45x45/fb/74/c4/fb74c436134f3d14cff917972be3af8d.jpg,http://media-cache-ec0.pinimg.com/200x/fb/74/c4/fb74c436134f3d14cff917972be3af8d.jpg,False,5,1,http://recoveringlazyholic.com/need_want/20.jpg,recoveringlazyholic.com
2011-06-20 21:30:45,,http://media-cache-ec0.pinimg.com/45x45/ca/e2/cf/cae2cf7adacc65765a9bbcf37c308492.jpg,http://media-cache-ec0.pinimg.com/200x/ca/e2/cf/cae2cf7adacc65765a9bbcf37c308492.jpg,False,4,0,http://dribbble.com/shots/194766-Owl,dribbble.com
2011-06-20 21:29:53,,http://media-cache-ak0.pinimg.com/45x45/0b/70/51/0b705130c385d3f81f3cf8ea32e33282.jpg,http://media-cache-ak0.pinimg.com/200x/0b/70/51/0b705130c385d3f81f3cf8ea32e33282.jpg,True,10,5,http://marketingnacozinha.com.br/page/3/,marketingnacozinha.com.br
2011-06-19 20:18:08,,http://media-cache-ak0.pinimg.com/45x45/e3/b7/ec/e3b7ec697ed9d4a7a14ff163c62d70c3.jpg,http://media-cache-ak0.pinimg.com/200x/e3/b7/ec/e3b7ec697ed9d4a7a14ff163c62d70c3.jpg,True,2,0,http://www.momtastic.com/shopping/reviews/167635-scratch-off-world-map,momtastic.com
2011-06-19 13:24:37,,http://media-cache-cd0.pinimg.com/45x45/dd/ef/29/ddef29cdcfe266f641141261d08719c4.jpg,http://media-cache-cd0.pinimg.com/200x/dd/ef/29/ddef29cdcfe266f641141261d08719c4.jpg,False,2,0,http://lovelypackage.com/tcho-seriousmilk-purenotes/,lovelypackage.com
2011-06-19 13:13:04,,http://media-cache-ak0.pinimg.com/45x45/d0/ee/d8/d0eed83246325955cebe517a0869406d.jpg,http://media-cache-ak0.pinimg.com/200x/d0/ee/d8/d0eed83246325955cebe517a0869406d.jpg,False,1,0,http://dribbble.com/shots/195243-Ship-in-the-glass-bottle,dribbble.com
2011-06-19 13:08:13,,http://media-cache-ec0.pinimg.com/45x45/b2/24/cb/b224cbc1e2ec0c4cb24e4b3be45c0e8d.jpg,http://media-cache-ec0.pinimg.com/200x/b2/24/cb/b224cbc1e2ec0c4cb24e4b3be45c0e8d.jpg,True,3,0,http://marketingnacozinha.com.br/2011/04/sushi-de-anotacao/,marketingnacozinha.com.br
2011-06-19 12:59:14,,http://media-cache-ec0.pinimg.com/45x45/1d/4a/06/1d4a0619de227bf83314361bd3e23b55.jpg,http://media-cache-ec0.pinimg.com/200x/1d/4a/06/1d4a0619de227bf83314361bd3e23b55.jpg,True,1,0,http://ohsobeautifulpaper.com/2010/11/2010-holiday-card-round-up-part-1/?utm_source=rss&utm_medium=rss&utm_campaign=2010-holiday-card-round-up-part-1#,ohsobeautifulpaper.com
2011-06-18 22:53:27,,http://media-cache-ec0.pinimg.com/45x45/65/ac/a3/65aca37fbd059ac9dbbb3b81f4a2d7b9.jpg,http://media-cache-ec0.pinimg.com/200x/65/ac/a3/65aca37fbd059ac9dbbb3b81f4a2d7b9.jpg,True,1,0,http://www.thedieline.com/blog/2011/5/23/gold-top-cider.html,thedieline.com
2011-06-16 23:35:49,,http://media-cache-ec0.pinimg.com/45x45/c1/9e/62/c19e62e7f0ffe941cd60277e1a4aba20.jpg,http://media-cache-ec0.pinimg.com/200x/c1/9e/62/c19e62e7f0ffe941cd60277e1a4aba20.jpg,True,2,0,http://www.etsy.com/listing/61574867/keep-calm-and-snap-on-5x7-poster-black?ref=sr_gallery_36&ga_search_query=camera+lens+bags&ga_includes%5B0%5D=tags&ga_min=&ga_max=60&ga_search_type=all&ga_facet=,etsy.com
2011-06-16 23:00:37,#645a59,http://media-cache-ec0.pinimg.com/45x45/8d/42/57/8d4257494fd88c45c756553b8baf551c.jpg,http://media-cache-ec0.pinimg.com/200x/8d/42/57/8d4257494fd88c45c756553b8baf551c.jpg,True,3,0,http://doublemerrick.com/products/la-lune,doublemerrick.com
2011-06-16 22:56:52,#fefefb,http://media-cache-ec0.pinimg.com/45x45/9b/e4/b5/9be4b5fa744cb316a29fb68bd7e06e20.jpg,http://media-cache-ec0.pinimg.com/200x/9b/e4/b5/9be4b5fa744cb316a29fb68bd7e06e20.jpg,True,10,2,http://www.juliapott.com/#1552838/Commissioned-Illustration,juliapott.com
2011-06-14 12:06:22,,http://media-cache-ak0.pinimg.com/45x45/fe/69/12/fe69122eecfef479e8aee1e0187c7494.jpg,http://media-cache-ak0.pinimg.com/200x/fe/69/12/fe69122eecfef479e8aee1e0187c7494.jpg,True,5,1,http://wideopenspaces.squarespace.com/wide-open-spaces/month/january-2010,wideopenspaces.squarespace.com
2011-06-14 11:58:34,#a6adac,http://media-cache-ec0.pinimg.com/45x45/3a/75/4b/3a754b39d741aa12bbed0fef30a70170.jpg,http://media-cache-ec0.pinimg.com/200x/3a/75/4b/3a754b39d741aa12bbed0fef30a70170.jpg,False,5,4,http://thebirdsandthebeasts.bigcartel.com/product/whale-party-happy-birthday,thebirdsandthebeasts.bigcartel.com
2011-06-05 21:10:39,,http://media-cache-ec0.pinimg.com/45x45/b0/b5/b1/b0b5b10ef177aa6453747ccdcd331e55.jpg,http://media-cache-ec0.pinimg.com/200x/b0/b5/b1/b0b5b10ef177aa6453747ccdcd331e55.jpg,False,0,0,"http://feltandwireshop.com/products/typographic-note-cards,-set-of-10",feltandwireshop.com
2011-05-29 11:59:01,#c8e9ef,http://media-cache-ak0.pinimg.com/45x45/08/95/3d/08953d18022c96ddd2cab4397a355129.jpg,http://media-cache-ak0.pinimg.com/200x/08/95/3d/08953d18022c96ddd2cab4397a355129.jpg,False,3,0,http://cargocollective.com/ScottAllenHill#1144541/Lego-Ninja-Go,cargocollective.com
2011-05-29 11:49:45,#dacebe,http://media-cache-ak0.pinimg.com/45x45/ff/1f/54/ff1f54633e90d93b2ce67175e9aa489f.jpg,http://media-cache-ak0.pinimg.com/200x/ff/1f/54/ff1f54633e90d93b2ce67175e9aa489f.jpg,False,49,10,http://creattica.com/posters/old-is-the-new-new/58378,creattica.com
2011-05-29 11:48:23,#fcfcfc,http://media-cache-ak0.pinimg.com/45x45/57/02/19/5702190fe4feb489e1fa583351725b89.jpg,http://media-cache-ak0.pinimg.com/200x/57/02/19/5702190fe4feb489e1fa583351725b89.jpg,False,7,1,http://thinkdesignblog.com/inspiration-the-work-of-designer-illustrator-andrea-manzati.htm,thinkdesignblog.com
2011-05-29 11:39:17,#565057,http://media-cache-ak0.pinimg.com/45x45/fd/90/29/fd90298f902c34fd949bde0e0e8429e9.jpg,http://media-cache-ak0.pinimg.com/200x/fd/90/29/fd90298f902c34fd949bde0e0e8429e9.jpg,False,16,4,http://creattica.com/posters/time-is-ticking/58779,creattica.com
2011-05-29 11:34:43,#8e9ca7,http://media-cache-ec0.pinimg.com/45x45/80/ed/da/80eddaf6834bc06058114939d6a630b8.jpg,http://media-cache-ec0.pinimg.com/200x/80/ed/da/80eddaf6834bc06058114939d6a630b8.jpg,False,6,1,http://thinkdesignblog.com/inspiration-the-work-of-illustrator-daniel-swartz.htm,thinkdesignblog.com
2011-05-29 11:27:56,#c8d68d,http://media-cache-ak0.pinimg.com/45x45/8a/f1/3f/8af13f01bf1a7d8a3cab9ea1a69d5bf3.jpg,http://media-cache-ak0.pinimg.com/200x/8a/f1/3f/8af13f01bf1a7d8a3cab9ea1a69d5bf3.jpg,False,10,1,http://www.underconsideration.com/brandnew/archives/creative_week_ny_cuts_corners.php,underconsideration.com
2011-05-29 10:47:40,#ffffff,http://media-cache-ak0.pinimg.com/45x45/34/7e/95/347e956e0cb49c6b42e1ef7d8e0c5004.jpg,http://media-cache-ak0.pinimg.com/200x/34/7e/95/347e956e0cb49c6b42e1ef7d8e0c5004.jpg,False,1,0,http://andrewbannecker.typepad.com/bannecker/2011/05/new-for-jamie-oliver.html,andrewbannecker.typepad.com
2011-05-29 10:39:37,#f6f6f6,http://media-cache-ec0.pinimg.com/45x45/c3/39/e9/c339e9642f16408ece7b12f0e8c4e87d.jpg,http://media-cache-ec0.pinimg.com/200x/c3/39/e9/c339e9642f16408ece7b12f0e8c4e87d.jpg,False,5,2,http://cargocollective.com/ScottAllenHill#1264768/UWW,cargocollective.com
2011-05-29 10:19:13,#2b5046,http://media-cache-ak0.pinimg.com/45x45/18/43/44/18434423faf970b2101d2c32eb113644.jpg,http://media-cache-ak0.pinimg.com/200x/18/43/44/18434423faf970b2101d2c32eb113644.jpg,False,4,1,http://andrewbannecker.typepad.com/bannecker/2011/05/matilda-the-musical.html,andrewbannecker.typepad.com
2011-05-28 20:45:15,#f0e2cc,http://media-cache-ec0.pinimg.com/45x45/4a/c7/94/4ac7943c6d1b4794b703d02783e8e7fe.jpg,http://media-cache-ec0.pinimg.com/200x/4a/c7/94/4ac7943c6d1b4794b703d02783e8e7fe.jpg,False,6,2,http://lovelypackage.com/student-work-samantha-szakolczay/,lovelypackage.com
2011-05-28 20:33:05,#edeeee,http://media-cache-ec0.pinimg.com/45x45/ab/5f/b9/ab5fb96addea23b92e8b4927bb33a6c0.jpg,http://media-cache-ec0.pinimg.com/200x/ab/5f/b9/ab5fb96addea23b92e8b4927bb33a6c0.jpg,False,4,4,http://dribbble.com/shots/180052-Brain-Storm,dribbble.com
2011-05-28 17:31:14,#d3d2d3,http://media-cache-ak0.pinimg.com/45x45/56/ff/62/56ff6202afce47a43e41c3a477704032.jpg,http://media-cache-ak0.pinimg.com/200x/56/ff/62/56ff6202afce47a43e41c3a477704032.jpg,False,17,1,http://lovelypackage.com/pulsazione/,lovelypackage.com
2011-05-26 20:06:10,,http://media-cache-ak0.pinimg.com/45x45/79/f1/12/79f11226faf52ae0aed8ca2230211bbb.jpg,http://media-cache-ak0.pinimg.com/200x/79/f1/12/79f11226faf52ae0aed8ca2230211bbb.jpg,True,4,1,http://www.belvoirfruitfarms.co.uk/range/fruit-crush,belvoirfruitfarms.co.uk
2011-05-24 17:38:23,,http://media-cache-ec0.pinimg.com/45x45/91/cc/3e/91cc3ebadf1630860f329c5f24381b94.jpg,http://media-cache-ec0.pinimg.com/200x/91/cc/3e/91cc3ebadf1630860f329c5f24381b94.jpg,False,1,0,http://lovelypackage.com/antara/,lovelypackage.com
2011-05-24 17:35:52,,http://media-cache-ec0.pinimg.com/45x45/d8/ac/d1/d8acd12d45f4ef4efa1da0be56c018a9.jpg,http://media-cache-ec0.pinimg.com/200x/d8/ac/d1/d8acd12d45f4ef4efa1da0be56c018a9.jpg,False,10,1,http://lovelypackage.com/nanatsukahara-butter-cake/,lovelypackage.com
2011-05-20 10:54:25,#f6e7cd,http://media-cache-ak0.pinimg.com/45x45/9d/94/ad/9d94adc69aacd83060458eb03d401207.jpg,http://media-cache-ak0.pinimg.com/200x/9d/94/ad/9d94adc69aacd83060458eb03d401207.jpg,False,9,1,http://www.typographyserved.com/gallery/Illustrations/1252795,typographyserved.com
2011-05-19 19:40:58,#ffffff,http://media-cache-ak0.pinimg.com/45x45/99/05/39/99053945e6ce083541624be6e93e0c4b.jpg,http://media-cache-ak0.pinimg.com/200x/99/05/39/99053945e6ce083541624be6e93e0c4b.jpg,True,3,0,http://www.creatingkeepsakes.com/articles/National_Scrapbooking_Day_Bonus_Sketches,creatingkeepsakes.com
2011-05-18 20:37:19,#d3dece,http://media-cache-ec0.pinimg.com/45x45/b1/e7/b3/b1e7b3558a529c5a84a95dcb2947f312.jpg,http://media-cache-ec0.pinimg.com/200x/b1/e7/b3/b1e7b3558a529c5a84a95dcb2947f312.jpg,False,12,1,http://www.kareenazerefos.com/art/recent/finders-keepers-markets/,kareenazerefos.com
2011-05-18 18:38:50,#dddbd8,http://media-cache-ak0.pinimg.com/45x45/6f/a2/ec/6fa2ecceccd9ff0477ca9d03c2c0c6c1.jpg,http://media-cache-ak0.pinimg.com/200x/6f/a2/ec/6fa2ecceccd9ff0477ca9d03c2c0c6c1.jpg,False,7,0,http://papercrave.com/retro-bicycle-note-cards/,papercrave.com
2011-05-18 18:35:55,#6b6e45,http://media-cache-ak0.pinimg.com/45x45/d9/2c/84/d92c848b2ff1dc8b4d6e66bb648d78d0.jpg,http://media-cache-ak0.pinimg.com/200x/d9/2c/84/d92c848b2ff1dc8b4d6e66bb648d78d0.jpg,True,2,2,http://beyondbeyond.co.uk/blog/design-envy-3/,beyondbeyond.co.uk
2011-05-18 18:32:53,#e5e2dc,http://media-cache-ak0.pinimg.com/45x45/17/f8/a5/17f8a57bc07421bc201bd6c6b4e6a00d.jpg,http://media-cache-ak0.pinimg.com/200x/17/f8/a5/17f8a57bc07421bc201bd6c6b4e6a00d.jpg,True,4,1,http://www.designspongeonline.com/2010/10/handkerchief-wedding-invites.html#,designspongeonline.com
2011-05-13 09:50:54,,http://media-cache-ec0.pinimg.com/45x45/9f/7d/e8/9f7de80f81e6e2c3522027510052e585.jpg,http://media-cache-ec0.pinimg.com/200x/9f/7d/e8/9f7de80f81e6e2c3522027510052e585.jpg,False,9,2,http://veerle.duoh.com/inspiration/detail/see_more_of_my_city?utm_source=feedburner&utm_medium=feed&utm_campaign=Feed%3A+veerlesblog+Veerle%27s+Blog+3.0+-+All&utm_content=Google+Reader#When:08:11,veerle.duoh.com
2011-05-13 09:49:15,#ddc0b9,http://media-cache-ak0.pinimg.com/45x45/73/02/b3/7302b3013b32394bc66300c2215cdbbd.jpg,http://media-cache-ak0.pinimg.com/200x/73/02/b3/7302b3013b32394bc66300c2215cdbbd.jpg,False,12,9,http://cargocollective.com/mattchase#967574/Cypher-Magazine,cargocollective.com
2011-05-13 09:43:28,#cae2b0,http://media-cache-cd0.pinimg.com/45x45/d3/92/8d/d3928dccbbe66879ae66df60037a2a29.jpg,http://media-cache-cd0.pinimg.com/200x/d3/92/8d/d3928dccbbe66879ae66df60037a2a29.jpg,False,7,0,http://veerle.duoh.com/inspiration/detail/protractor?utm_source=feedburner&utm_medium=feed&utm_campaign=Feed%3A+veerlesblog+Veerle%27s+Blog+3.0+-+All&utm_content=Google+Reader#When:08:53,veerle.duoh.com
2011-05-13 09:42:30,,http://media-cache-ak0.pinimg.com/45x45/4b/91/17/4b911766c530f8eb6e5eb7c75d77e67c.jpg,http://media-cache-ak0.pinimg.com/200x/4b/91/17/4b911766c530f8eb6e5eb7c75d77e67c.jpg,False,1,0,http://www.fubiz.net/2011/05/12/genevieve-gauckler/,fubiz.net
2011-05-13 09:38:26,#eeedee,http://media-cache-ec0.pinimg.com/45x45/84/06/cf/8406cfc5c5022e6f66925e58b87fb952.jpg,http://media-cache-ec0.pinimg.com/200x/84/06/cf/8406cfc5c5022e6f66925e58b87fb952.jpg,False,10,1,http://lovelypackage.com/student-work-spencer-bigum/,lovelypackage.com
2011-05-13 09:36:35,#eddfc5,http://media-cache-ak0.pinimg.com/45x45/ad/7c/56/ad7c562abddcc6fb27b2afac065dd916.jpg,http://media-cache-ak0.pinimg.com/200x/ad/7c/56/ad7c562abddcc6fb27b2afac065dd916.jpg,False,11,2,http://veerle.duoh.com/inspiration/detail/turbulence,veerle.duoh.com
2011-05-13 09:35:57,#f0ede4,http://media-cache-ec0.pinimg.com/45x45/1a/ef/be/1aefbe67fcd10c2ed86d9bb5c18cf683.jpg,http://media-cache-ec0.pinimg.com/200x/1a/ef/be/1aefbe67fcd10c2ed86d9bb5c18cf683.jpg,False,28,1,http://veerle.duoh.com/inspiration/detail/show_and_tell,veerle.duoh.com
2011-05-10 13:49:00,,http://media-cache-ak0.pinimg.com/45x45/54/5c/f8/545cf8298b3d1b8b19f3fdfb78bc40d2.jpg,http://media-cache-ak0.pinimg.com/200x/54/5c/f8/545cf8298b3d1b8b19f3fdfb78bc40d2.jpg,True,2,1,http://cdryan.com/blog/?paged=12,cdryan.com
2011-05-10 08:19:11,#a4cabd,http://media-cache-ec0.pinimg.com/45x45/c9/f2/03/c9f2039eb7afa46c1c32bb41d4df0543.jpg,http://media-cache-ec0.pinimg.com/200x/c9/f2/03/c9f2039eb7afa46c1c32bb41d4df0543.jpg,False,7,0,http://veerle.duoh.com/belgiangraphicdesign/detail/jeugdboekenweek?utm_source=feedburner&utm_medium=feed&utm_campaign=Feed%3A+veerlesblog+Veerle%27s+Blog+3.0+-+All#When:13:33,veerle.duoh.com
2011-05-10 08:09:57,,http://media-cache-ec0.pinimg.com/45x45/c3/8f/c1/c38fc1398a4fbe2db60d2add86308ebd.jpg,http://media-cache-ec0.pinimg.com/200x/c3/8f/c1/c38fc1398a4fbe2db60d2add86308ebd.jpg,False,1,0,http://lovelypackage.com/grain-creative-tea/,lovelypackage.com
2011-05-10 08:04:51,#dcc6bc,http://media-cache-ak0.pinimg.com/45x45/fb/d7/5a/fbd75a3ec3b233ed7d03d682cde769d3.jpg,http://media-cache-ak0.pinimg.com/200x/fb/d7/5a/fbd75a3ec3b233ed7d03d682cde769d3.jpg,True,8,0,http://www.magazinegeorges.com/moustache/,magazinegeorges.com
2011-05-01 16:52:45,#3c434b,http://media-cache-ec0.pinimg.com/45x45/bf/dc/ce/bfdcce96a0ff34d665390be3ded3288e.jpg,http://media-cache-ec0.pinimg.com/200x/bf/dc/ce/bfdcce96a0ff34d665390be3ded3288e.jpg,False,35,7,http://leilockheart.me/post/4779787593,leilockheart.me
2011-04-30 22:26:22,#ffffff,http://media-cache-ak0.pinimg.com/45x45/a5/40/f3/a540f3d2009342acd047fbe2ebddbe0f.jpg,http://media-cache-ak0.pinimg.com/200x/a5/40/f3/a540f3d2009342acd047fbe2ebddbe0f.jpg,False,9,4,http://www.flickr.com/photos/krisatomic/4464246685/in/set-1386641,flickr.com
2011-04-27 09:43:18,#232423,http://media-cache-ak0.pinimg.com/45x45/f6/36/cf/f636cff071bc539523cabd970ad79661.jpg,http://media-cache-ak0.pinimg.com/200x/f6/36/cf/f636cff071bc539523cabd970ad79661.jpg,False,13,3,http://lovelypackage.com/public-gothic/,lovelypackage.com
2011-04-14 15:23:04,,http://media-cache-ec0.pinimg.com/45x45/77/fb/34/77fb34b1a7177748be09ae56fc4b28da.jpg,http://media-cache-ec0.pinimg.com/200x/77/fb/34/77fb34b1a7177748be09ae56fc4b28da.jpg,False,12,2,http://lovelypackage.com/student-work-erica-craig/,lovelypackage.com
2011-04-14 15:18:35,#eae9e8,http://media-cache-ec0.pinimg.com/45x45/57/65/e1/5765e1482af4398b419788e0eb539529.jpg,http://media-cache-ec0.pinimg.com/200x/57/65/e1/5765e1482af4398b419788e0eb539529.jpg,False,13,2,http://enormouschampion.com/products-page/shop/keys-black-and-gold/,enormouschampion.com
2011-04-14 15:17:20,,http://media-cache-ak0.pinimg.com/45x45/05/99/a6/0599a60fdc3a6078605cd2f970f857e9.jpg,http://media-cache-ak0.pinimg.com/200x/05/99/a6/0599a60fdc3a6078605cd2f970f857e9.jpg,False,2,1,http://www.etsy.com/listing/68237750/instant-rainbow-large-50-x-70cm-poster,etsy.com
2011-04-14 14:51:07,#fffaf4,http://media-cache-ak0.pinimg.com/45x45/09/47/ca/0947ca49829753e111a57d28b461408c.jpg,http://media-cache-ak0.pinimg.com/200x/09/47/ca/0947ca49829753e111a57d28b461408c.jpg,False,3,2,http://enormouschampion.com/products-page/shop/the-space-between/,enormouschampion.com
2011-04-14 14:46:42,,http://media-cache-ec0.pinimg.com/45x45/07/7f/02/077f022c54347a91f63edd3dd260f6bd.jpg,http://media-cache-ec0.pinimg.com/200x/07/7f/02/077f022c54347a91f63edd3dd260f6bd.jpg,False,1,1,http://www.etsy.com/listing/66433641/i-heart-robots-buttons,etsy.com
2011-04-14 14:29:03,#ede8e7,http://media-cache-ec0.pinimg.com/45x45/cb/51/e5/cb51e5f3d0c274c21e79ccfd60f4ab94.jpg,http://media-cache-ec0.pinimg.com/200x/cb/51/e5/cb51e5f3d0c274c21e79ccfd60f4ab94.jpg,False,27,5,http://www.etsy.com/listing/71016984/lazy-sunday-print,etsy.com
2011-04-14 14:24:03,#faf3ef,http://media-cache-ak0.pinimg.com/45x45/00/84/cd/0084cd25531ace424abb1da2974f57ce.jpg,http://media-cache-ak0.pinimg.com/200x/00/84/cd/0084cd25531ace424abb1da2974f57ce.jpg,False,6,1,http://veerle.duoh.com/design/article/the_work_of_max_huber?utm_source=feedburner&utm_medium=feed&utm_campaign=Feed%3A+veerlesblog+Veerle%27s+Blog+3.0+-+All#When:16:37,veerle.duoh.com
2011-04-14 14:19:35,,http://media-cache-ec0.pinimg.com/45x45/bc/41/13/bc4113fad738dfe10a1c335818f5b4d9.jpg,http://media-cache-ec0.pinimg.com/200x/bc/41/13/bc4113fad738dfe10a1c335818f5b4d9.jpg,True,5,1,http://www.radicalcartography.net/?fisk,radicalcartography.net
2011-04-14 14:15:28,#a3a3a3,http://media-cache-ec0.pinimg.com/45x45/4e/41/37/4e4137a1b6c8177269bd3edaa2368bca.jpg,http://media-cache-ec0.pinimg.com/200x/4e/41/37/4e4137a1b6c8177269bd3edaa2368bca.jpg,False,2,0,http://www.fubiz.net/2011/04/13/ultra-copains-illustration/,fubiz.net
2011-04-14 14:06:02,,http://media-cache-ec0.pinimg.com/45x45/21/e3/b0/21e3b028858e59dc571c7546fbc5166d.jpg,http://media-cache-ec0.pinimg.com/200x/21/e3/b0/21e3b028858e59dc571c7546fbc5166d.jpg,True,3,0,http://heyjojostudios.storenvy.com/products/69772-hope-for-japan-poster,heyjojostudios.storenvy.com
2011-04-14 11:34:54,#202020,http://media-cache-ec0.pinimg.com/45x45/56/16/54/56165471fe06e03c628cc7e001bdb5d1.jpg,http://media-cache-ec0.pinimg.com/200x/56/16/54/56165471fe06e03c628cc7e001bdb5d1.jpg,False,26,9,http://www.fubiz.net/2011/04/07/six-architects/,fubiz.net
2011-04-14 11:33:46,#212121,http://media-cache-ak0.pinimg.com/45x45/66/b1/ad/66b1ad51ff7860e75232fffd66329151.jpg,http://media-cache-ak0.pinimg.com/200x/66/b1/ad/66b1ad51ff7860e75232fffd66329151.jpg,False,25,5,http://www.fubiz.net/2011/04/07/six-architects/,fubiz.net
2011-04-14 11:10:13,,http://media-cache-ec0.pinimg.com/45x45/dc/fb/19/dcfb192c62345789270af543a4201b62.jpg,http://media-cache-ec0.pinimg.com/200x/dc/fb/19/dcfb192c62345789270af543a4201b62.jpg,False,4,0,http://www.fubiz.net/2011/04/13/paper-record-player/,fubiz.net
2011-04-14 10:48:58,,http://media-cache-ak0.pinimg.com/45x45/a9/9e/30/a99e30e9931fafede669dfcf4d7b3a6f.jpg,http://media-cache-ak0.pinimg.com/200x/a9/9e/30/a99e30e9931fafede669dfcf4d7b3a6f.jpg,True,8,3,http://www.apartmenttherapy.com/la/menswear-inspired-postersmoxy-creative-house-via-the-significant-other-139193?image_id=2226404,apartmenttherapy.com
2011-04-14 10:47:21,,http://media-cache-ec0.pinimg.com/45x45/89/d2/e3/89d2e3fea138d0a1c14940a94feb1184.jpg,http://media-cache-ec0.pinimg.com/200x/89/d2/e3/89d2e3fea138d0a1c14940a94feb1184.jpg,True,0,0,http://www.eatdrinkchic.com/assets/content/holidays/xmas_decor_03.jpg,eatdrinkchic.com
2011-04-14 10:46:35,,http://media-cache-ec0.pinimg.com/45x45/70/28/fa/7028fa86013a24f3560d99ea72f54f54.jpg,http://media-cache-ec0.pinimg.com/200x/70/28/fa/7028fa86013a24f3560d99ea72f54f54.jpg,True,8,1,http://ffffound.com/image/8d6d65846526c3841c771cb3d23d22123f904b72,ffffound.com
2011-04-14 10:42:41,#bca588,http://media-cache-cd0.pinimg.com/45x45/a3/0f/6d/a30f6d609eeebe5c1f50ecee79512d5f.jpg,http://media-cache-cd0.pinimg.com/200x/a3/0f/6d/a30f6d609eeebe5c1f50ecee79512d5f.jpg,False,63,10,http://linuskraemer.blogspot.com/2010/08/360-degrees-of-cake.html,linuskraemer.blogspot.com
2011-04-13 15:52:20,#2c3c53,http://media-cache-ak0.pinimg.com/45x45/d7/95/e1/d795e1bb994741b6c3de997ea3c727c4.jpg,http://media-cache-ak0.pinimg.com/200x/d7/95/e1/d795e1bb994741b6c3de997ea3c727c4.jpg,False,3,0,http://ffffound.com/image/83a9e9c72fe62c373c86883e1e536791339d6560,ffffound.com
2011-04-12 11:27:21,#f2f2ea,http://media-cache-ec0.pinimg.com/45x45/3a/16/15/3a1615d1e39866646c7bb8231b608413.jpg,http://media-cache-ec0.pinimg.com/200x/3a/16/15/3a1615d1e39866646c7bb8231b608413.jpg,False,38,10,http://www.flickr.com/photos/studiofolk/5567135905/,flickr.com
2011-04-10 22:45:35,#000000,http://media-cache-ak0.pinimg.com/45x45/4c/0b/09/4c0b09e0114540bfd7c0b310ca128a70.jpg,http://media-cache-ak0.pinimg.com/200x/4c/0b/09/4c0b09e0114540bfd7c0b310ca128a70.jpg,False,5,1,http://www.austinkleon.com/2011/03/30/how-to-steal-like-an-artist-and-9-other-things-nobody-told-me/,austinkleon.com
2011-04-09 18:11:58,,http://media-cache-cd0.pinimg.com/45x45/ba/a5/39/baa5399ef8d20aedee499c0f124ba8e0.jpg,http://media-cache-cd0.pinimg.com/200x/ba/a5/39/baa5399ef8d20aedee499c0f124ba8e0.jpg,True,1,0,http://dailyartmuse.com/2007/11/20/use-the-negatives/,dailyartmuse.com
2011-04-09 17:41:14,#604f49,http://media-cache-ec0.pinimg.com/45x45/df/61/f4/df61f46f7000a042cb86543ff39fc638.jpg,http://media-cache-ec0.pinimg.com/200x/df/61/f4/df61f46f7000a042cb86543ff39fc638.jpg,False,12,3,http://www.etsy.com/listing/71690242/vintage-bicycle-notes-set-of-5?ref=cat3_gallery_38,etsy.com
2011-04-06 21:59:17,#b6b09f,http://media-cache-cd0.pinimg.com/45x45/bd/04/4e/bd044e564b7d528318586f113510025f.jpg,http://media-cache-cd0.pinimg.com/200x/bd/04/4e/bd044e564b7d528318586f113510025f.jpg,False,34,6,http://theclothes.blogspot.com/2011/04/one-beetle-recognizes-another.html?utm_source=feedburner&utm_medium=feed&utm_campaign=Feed%3A+blogspot%2FEYHy+%28The+Clothes+Horse%29,theclothes.blogspot.com
2011-04-04 00:51:00,,http://media-cache-ec0.pinimg.com/45x45/a9/32/80/a93280bee30647d4027d891f65a5cca4.jpg,http://media-cache-ec0.pinimg.com/200x/a9/32/80/a93280bee30647d4027d891f65a5cca4.jpg,True,0,0,http://beggarstaffs.com/catalogue/01A-hamlet.html,beggarstaffs.com
2011-03-07 19:12:18,,http://media-cache-ec0.pinimg.com/45x45/4e/84/27/4e8427983f06f84cbc430b42a38c13e1.jpg,http://media-cache-ec0.pinimg.com/200x/4e/84/27/4e8427983f06f84cbc430b42a38c13e1.jpg,False,3,0,http://www.swiss-miss.com/2011/03/buy-art-prognosticator.html?utm_source=feedburner&utm_medium=feed&utm_campaign=Feed%3A+Swissmiss+%28swissmiss%29,swiss-miss.com
2011-03-02 15:56:41,,http://media-cache-ak0.pinimg.com/45x45/9f/73/f1/9f73f1cc4e0c7cbb926cef9c719e62f1.jpg,http://media-cache-ak0.pinimg.com/200x/9f/73/f1/9f73f1cc4e0c7cbb926cef9c719e62f1.jpg,False,10,2,http://www.designworklife.com/2011/03/01/the-boy-frost/,designworklife.com
2011-02-12 15:09:22,#fffeea,http://media-cache-ak0.pinimg.com/45x45/fb/2b/bf/fb2bbffb3ad2031150fe8b68002b0a88.jpg,http://media-cache-ak0.pinimg.com/200x/fb/2b/bf/fb2bbffb3ad2031150fe8b68002b0a88.jpg,True,5,1,http://www.lifetimecollective.com/collective.php?id=16,lifetimecollective.com
2011-02-12 14:55:35,,http://media-cache-ak0.pinimg.com/45x45/4a/6c/02/4a6c024c7cd80e47ba54c9e675e89dcf.jpg,http://media-cache-ak0.pinimg.com/200x/4a/6c/02/4a6c024c7cd80e47ba54c9e675e89dcf.jpg,False,0,27,http://store.clientsfromhell.net/products/poster,store.clientsfromhell.net
2011-02-06 22:50:16,#e3dfa6,http://media-cache-ak0.pinimg.com/45x45/bc/a2/bc/bca2bc61f34a21f83b95bc116ee2bdd4.jpg,http://media-cache-ak0.pinimg.com/200x/bc/a2/bc/bca2bc61f34a21f83b95bc116ee2bdd4.jpg,False,26,6,http://store.dkngstudios.com/product/double-bike-cement,store.dkngstudios.com
2011-02-06 10:48:47,#f6fafa,http://media-cache-ak0.pinimg.com/45x45/e2/61/5c/e2615ca7b6545d42e2100b87c63ddc81.jpg,http://media-cache-ak0.pinimg.com/200x/e2/61/5c/e2615ca7b6545d42e2100b87c63ddc81.jpg,False,3,1,http://www.behance.net/gallery/Babees-Honey/495529,behance.net
2011-02-06 10:45:54,,http://media-cache-ak0.pinimg.com/45x45/8b/99/c5/8b99c518a7180e5f3274c012ced252c4.jpg,http://media-cache-ak0.pinimg.com/200x/8b/99/c5/8b99c518a7180e5f3274c012ced252c4.jpg,True,2,0,http://ffffound.com/image/2206a220e32abfc3331abd6cda6880478406c941,ffffound.com
2011-02-06 03:42:18,,http://media-cache-ec0.pinimg.com/45x45/d9/41/6e/d9416e1ccf19975c15dbc812a111bbe9.jpg,http://media-cache-ec0.pinimg.com/200x/d9/41/6e/d9416e1ccf19975c15dbc812a111bbe9.jpg,False,3,0,http://artistshoppe.threadless.com/product/41843/prints?cl=7,artistshoppe.threadless.com
2011-02-05 23:27:35,,http://media-cache-ec0.pinimg.com/45x45/ea/6f/61/ea6f619039ca19ee9e4b90e8af08689f.jpg,http://media-cache-ec0.pinimg.com/200x/ea/6f/61/ea6f619039ca19ee9e4b90e8af08689f.jpg,False,3,0,http://www.fubiz.net/2011/01/21/psyop-pop-up-book/,fubiz.net
2011-02-05 20:17:51,#fddeb3,http://media-cache-ec0.pinimg.com/45x45/e2/12/e7/e212e76edcd492b79cce9732497356c2.jpg,http://media-cache-ec0.pinimg.com/200x/e2/12/e7/e212e76edcd492b79cce9732497356c2.jpg,False,7,0,http://jackhudsonillustration.blogspot.com/2010/12/great-hoard.html,jackhudsonillustration.blogspot.com
2011-02-05 20:06:39,#bedadb,http://media-cache-ak0.pinimg.com/45x45/50/75/64/5075640904c6825f621347986471bab5.jpg,http://media-cache-ak0.pinimg.com/200x/50/75/64/5075640904c6825f621347986471bab5.jpg,False,2,0,http://scriptandseal.com/projects/misc-album-covers/,scriptandseal.com
2011-02-05 18:43:10,#ffffff,http://media-cache-ak0.pinimg.com/45x45/51/08/cc/5108ccd94ddc78f79b8cb1622b8eb571.jpg,http://media-cache-ak0.pinimg.com/200x/51/08/cc/5108ccd94ddc78f79b8cb1622b8eb571.jpg,False,29,8,http://alwayswithhonor.com/#927595/Audubon-Beaks,alwayswithhonor.com
